{"info/pre_freeze_param_count": 51334663, "info/post_freeze_param_count": 51334663, "_timestamp": 1742021961.0673687, "_runtime": 1111.1721727848053, "_step": 0}