{"info/pre_freeze_param_count": 51334663, "info/post_freeze_param_count": 51334663, "_timestamp": 1742079587.9926682, "_runtime": 2155.8800642490387, "_step": 2}