{"info/pre_freeze_param_count": 51334663, "info/post_freeze_param_count": 51334663, "_timestamp": 1742071034.6666782, "_runtime": 1195.4606692790985, "_step": 0}