{"info/pre_freeze_param_count": 51334663, "info/post_freeze_param_count": 51334663, "_timestamp": 1742077352.0804734, "_runtime": 4629.743640422821, "_step": 1, "_wandb": {"runtime": 995}}