{"info/pre_freeze_param_count": 51334663, "info/post_freeze_param_count": 51334663, "_timestamp": 1742101795.319304, "_runtime": 2300.4489030838013, "_step": 0}